#name	chromosome	start	length	color	full_name	citations_from_2020/06/22_to_2020/11/24	significance
CPEB3	10	93806448	244387	#73af42	cytoplasmic polyadenylation element binding protein 3	1	n/a
PDE6B	4	646965	17606	#73af42	phosphodiesterase 6B	1	n/a
EDN2	1	41944445	5909	#73af42	endothelin 2	1	n/a
NANOS2	19	46416472	1564	#73af42	nanos C2HC-type zinc finger 2	1	n/a
PDE6A	5	149237515	86841	#73af42	phosphodiesterase 6A	1	n/a
SLC12A1	15	48498498	97777	#73af42	solute carrier family 12 member 1	1	n/a
GNAS	20	57466475	19772	#73af42	GNAS complex locus	1	n/a
LEPR	8	29952923	42941	#73af42	leptin receptor	1	n/a
GNAT1	3	50229042	6087	#73af42	G protein subunit alpha transducin 1	1	n/a
