#name	chromosome	start	length	color	full_name	citations_from_2020/06/22_to_2020/11/24	significance
APELA	4	165798329	20350	#73af42	apelin receptor early endogenous ligand	1	n/a
CSAD	12	53551446	23263	#73af42	cysteine sulfinic acid decarboxylase	1	n/a
MMP13	11	102813723	12738	#73af42	matrix metallopeptidase 13	1	n/a
RUNX2	6	45296066	43719	#73af42	runt related transcription factor 2	1	n/a
ANP32A	15	69070874	42360	#73af42	acidic nuclear phosphoprotein 32 family member A	1	n/a
CBSL	21	44473300	22755	#73af42	cystathionine-beta-synthase like	1	n/a
TDP1	14	90422270	88838	#73af42	tyrosyl-DNA phosphodiesterase 1	1	n/a
