#name	chromosome	start	length	color	full_name	citations_from_2020/06/22_to_2020/11/24	significance
Cx3cr1	3	39304986	16541	#73af42	chemokine (C-X3-C motif) receptor 1	8	n/a
Ifng	12	68548547	4973	#73af42	interferon gamma	7	n/a
Casp3	4	185548849	21752	#73af42	caspase 3	7	n/a
Ifnar1	21	34697274	34896	#73af42	interferon (alpha and beta) receptor 1	7	n/a
Slc6a3	5	1392910	52645	#73af42	solute carrier family 6 (neurotransmitter transporter, dopamine), member 3	7	n/a
Pvalb	22	37196746	16333	#73af42	parvalbumin	7	n/a
Pten	9	33673501	3917	#73af42	phosphatase and tensin homolog	7	n/a
Lepr	8	29952923	42941	#73af42	leptin receptor	6	n/a
