#name	chromosome	start	length	color	full_name	citations_from_2020/06/22_to_2020/11/24	significance
Trpv4	12	110220891	31741	#73af42	transient receptor potential cation channel, subfamily V, member 4	3	n/a
Hmgb1	13	31030840	9233	#73af42	high mobility group box 1	3	n/a
Fos	11	65659606	8391	#73af42	Fos proto-oncogene, AP-1 transcription factor subunit	2	n/a
Nlrp3	1	247579474	32645	#73af42	NLR family, pyrin domain containing 3	2	n/a
Ccl2	17	34340097	4912	#73af42	C-C motif chemokine ligand 2	2	n/a
Mir24-1	9	97848302	68	#73af42	microRNA 24-1	2	n/a
Aqp4	18	24432001	10873	#73af42	aquaporin 4	1	n/a
Mmp2	1	1631377	1870	#73af42	matrix metallopeptidase 2	1	n/a
Lair1	19	54862992	13546	#73af42	leukocyte-associated immunoglobulin-like receptor 1	1	n/a
