#name	chromosome	start	length	color	full_name	citations_from_2020/06/22_to_2020/11/24	significance
IFITM2	11	308106	1304	#73af42	interferon induced transmembrane protein 2	1	n/a
ANPEP	15	90328125	29959	#73af42	alanyl aminopeptidase, membrane	1	n/a
RSAD2	2	7017907	20463	#73af42	radical S-adenosyl methionine domain containing 2	1	n/a
IL12B	5	158741787	15708	#73af42	interleukin 12B	1	n/a
IFITM1	11	314039	1233	#73af42	interferon-induced transmembrane protein 1	1	n/a
NANOS2	19	46416472	1564	#73af42	nanos C2HC-type zinc finger 2	1	n/a
KPNA3	13	50273455	93363	#73af42	karyopherin subunit alpha 3	1	n/a
